{"jfinal": {"2by2": 0.01507537688442211, "3by3": 0.02247191011235955, "4by4": 0.03048780487804878, "5by5": 0.026578073089700997}, "mbassador": {"2by2": 0.010101010101010102, "3by3": 0.011428571428571429, "4by4": 0.031446540880503145, "5by5": 0.04054054054054054}, "javapoet": {"2by2": 0.013422818791946308, "3by3": 0.028985507246376812, "4by4": 0.02564102564102564, "5by5": 0.0625}, "jeromq": {"2by2": 0.049689440993788817, "3by3": 0.08558558558558559, "4by4": 0.12883435582822086, "5by5": 0.15267175572519084}, "seyren": {"2by2": 0.004784688995215311, "3by3": 0.006756756756756757, "4by4": 0.008403361344537815, "5by5": 0.02197802197802198}, "retrolambda": {"2by2": 0.017817371937639197, "3by3": 0.03333333333333333, "4by4": 0.04522613065326633, "5by5": 0.0636604774535809}, "baasbox": {"2by2": 0.015486725663716814, "3by3": 0.015772870662460567, "4by4": 0.009259259259259259, "5by5": 0.011363636363636364}, "sshj": {"2by2": 0.009234828496042216, "3by3": 0.012949640287769784, "4by4": 0.014018691588785047, "5by5": 0.019933554817275746}, "xabber-android": {"2by2": 0.01924640824071564, "3by3": 0.06438746438746439, "4by4": 0.03064564117822077, "5by5": 0.03272615004631059}, "android-async-http": {"2by2": 0.015486725663716814, "3by3": 0.02072538860103627, "4by4": 0.012195121951219513, "5by5": 0.01718213058419244}, "giraph": {"2by2": 0.026079136690647483, "3by3": 0.045372050816696916, "4by4": 0.058394160583941604, "5by5": 0.06788990825688074}, "spring-data-rest": {"2by2": 0.013149655604257984, "3by3": 0.017676767676767676, "4by4": 0.02225047679593134, "5by5": 0.025624599615631006}, "blueflood": {"2by2": 0.034368803701255786, "3by3": 0.03731343283582089, "4by4": 0.04618473895582329, "5by5": 0.05575326215895611}, "HikariCP": {"2by2": 0.008547008547008548, "3by3": 0.010700389105058366, "4by4": 0.012671594508975714, "5by5": 0.017464788732394366}, "redisson": {"2by2": 0.04692632566870014, "3by3": 0.018711018711018712, "4by4": 0.026363969242035885, "5by5": 0.03158362989323844}, "goclipse": {"2by2": 0.13344887348353554, "3by3": 0.38313413014608233, "4by4": 0.5705794947994056, "5by5": 0.612876935615322}, "morphia": {"2by2": 0.03240109140518418, "3by3": 0.08855442772138607, "4by4": 0.4511627906976744, "5by5": 0.2289992695398101}, "PocketHub": {"2by2": 0.00837138508371385, "3by3": 0.012291831879460745, "4by4": 0.01794453507340946, "5by5": 0.02331390507910075}, "hydra": {"2by2": 0.03550295857988166, "3by3": 0.1431578947368421, "4by4": 0.30833333333333335, "5by5": 0.3914495657982632}, "cascading": {"2by2": 0.04588394062078273, "3by3": 0.27670837343599614, "4by4": 0.2749615975422427, "5by5": 0.27941176470588236}, "helios": {"2by2": 0.03211009174311927, "3by3": 0.06375838926174497, "4by4": 0.06511627906976744, "5by5": 0.05917159763313609}, "RoboBinding": {"2by2": 0.19281045751633988, "3by3": 0.281947261663286, "4by4": 0.31025641025641026, "5by5": 0.32407407407407407}, "truth": {"2by2": 0.0118137595552467, "3by3": 0.016140865737344093, "4by4": 0.02748091603053435, "5by5": 0.034509803921568626}, "rest.li": {"2by2": 0.2547514619883041, "3by3": 0.11123470522803114, "4by4": 0.1408767328587486, "5by5": 0.15367146101438303}, "rest-assured": {"2by2": 0.0245, "3by3": 0.16226023846552617, "4by4": 0.29723991507430997, "5by5": 0.29392624728850325}, "JGroups": {"2by2": 0.0713737528779739, "3by3": 0.06525622418220386, "4by4": 0.17280244676030812, "5by5": 0.35366273071191107}, "processing": {"2by2": 0.095762968955405, "3by3": 0.22147578285838118, "4by4": 0.3584539961235891, "5by5": 0.4455010103411387}, "zuul": {"2by2": 0.015991471215351813, "3by3": 0.02176541717049577, "4by4": 0.02925531914893617, "5by5": 0.03508771929824561}}