{"jfinal": {"2by2": 0.01256281407035176, "3by3": 0.014044943820224719, "4by4": 0.009146341463414634, "5by5": 0.006644518272425249}, "mbassador": {"2by2": 0.010101010101010102, "3by3": 0.005714285714285714, "4by4": 0.018867924528301886, "5by5": 0.006756756756756757}, "javapoet": {"2by2": 0.006711409395973154, "3by3": 0.014492753623188406, "4by4": 0.0, "5by5": 0.03125}, "jeromq": {"2by2": 0.046583850931677016, "3by3": 0.02252252252252252, "4by4": 0.049079754601226995, "5by5": 0.04580152671755725}, "seyren": {"2by2": 0.004784688995215311, "3by3": 0.0, "4by4": 0.0, "5by5": 0.01098901098901099}, "retrolambda": {"2by2": 0.011135857461024499, "3by3": 0.014285714285714285, "4by4": 0.01256281407035176, "5by5": 0.01856763925729443}, "baasbox": {"2by2": 0.008849557522123894, "3by3": 0.006309148264984227, "4by4": 0.004629629629629629, "5by5": 0.0}, "sshj": {"2by2": 0.009234828496042216, "3by3": 0.0057553956834532375, "4by4": 0.001557632398753894, "5by5": 0.0049833887043189366}, "xabber-android": {"2by2": 0.018162103551097857, "3by3": 0.008547008547008548, "4by4": 0.007735792918774174, "5by5": 0.005866008027168879}, "android-async-http": {"2by2": 0.015486725663716814, "3by3": 0.007772020725388601, "4by4": 0.0, "5by5": 0.010309278350515464}, "giraph": {"2by2": 0.026079136690647483, "3by3": 0.023593466424682397, "4by4": 0.017335766423357664, "5by5": 0.010091743119266056}, "spring-data-rest": {"2by2": 0.011271133375078271, "3by3": 0.005681818181818182, "4by4": 0.00572155117609663, "5by5": 0.005124919923126201}, "blueflood": {"2by2": 0.031725049570389956, "3by3": 0.009950248756218905, "4by4": 0.01706827309236948, "5by5": 0.010676156583629894}, "HikariCP": {"2by2": 0.006297795771479982, "3by3": 0.003404669260700389, "4by4": 0.0021119324181626186, "5by5": 0.0033802816901408453}, "redisson": {"2by2": 0.011966213045518537, "3by3": 0.008613008613008613, "4by4": 0.006590992310508971, "5by5": 0.004893238434163701}, "goclipse": {"2by2": 0.07567879838243789, "3by3": 0.0351925630810093, "4by4": 0.02600297176820208, "5by5": 0.019559902200488997}, "morphia": {"2by2": 0.022510231923601638, "3by3": 0.016100805040252013, "4by4": 0.015026833631484795, "5by5": 0.01643535427319211}, "PocketHub": {"2by2": 0.0076103500761035, "3by3": 0.0043616177636796195, "4by4": 0.005709624796084829, "5by5": 0.005828476269775187}, "hydra": {"2by2": 0.013654984069185253, "3by3": 0.010526315789473684, "4by4": 0.005952380952380952, "5by5": 0.007348029392117568}, "cascading": {"2by2": 0.017543859649122806, "3by3": 0.009624639076034648, "4by4": 0.009216589861751152, "5by5": 0.007625272331154684}, "helios": {"2by2": 0.03211009174311927, "3by3": 0.040268456375838924, "4by4": 0.023255813953488372, "5by5": 0.01775147928994083}, "RoboBinding": {"2by2": 0.19117647058823528, "3by3": 0.12778904665314403, "4by4": 0.12564102564102564, "5by5": 0.08024691358024691}, "truth": {"2by2": 0.009728978457261988, "3by3": 0.00586940572267058, "4by4": 0.010687022900763359, "5by5": 0.005490196078431373}, "rest.li": {"2by2": 0.004751461988304093, "3by3": 0.0055617352614015575, "4by4": 0.0029973772948669914, "5by5": 0.003785011355034065}, "rest-assured": {"2by2": 0.0045, "3by3": 0.00414722654224987, "4by4": 0.0021231422505307855, "5by5": 0.0027114967462039045}, "JGroups": {"2by2": 0.00942879070277382, "3by3": 0.006252093334821927, "4by4": 0.005097417308563661, "5by5": 0.005273415109480683}, "processing": {"2by2": 0.018606532510870664, "3by3": 0.011810597031097627, "4by4": 0.01014707559001254, "5by5": 0.006299774159039582}, "zuul": {"2by2": 0.014925373134328358, "3by3": 0.006045949214026602, "4by4": 0.011968085106382979, "5by5": 0.01023391812865497}}