{"jfinal": {"2by2": 0.01256281407035176, "3by3": 0.033707865168539325, "4by4": 0.057926829268292686, "5by5": 0.06976744186046512}, "mbassador": {"2by2": 0.010101010101010102, "3by3": 0.022857142857142857, "4by4": 0.05660377358490566, "5by5": 0.10135135135135136}, "javapoet": {"2by2": 0.006711409395973154, "3by3": 0.028985507246376812, "4by4": 0.05128205128205128, "5by5": 0.125}, "jeromq": {"2by2": 0.046583850931677016, "3by3": 0.1036036036036036, "4by4": 0.18404907975460122, "5by5": 0.26717557251908397}, "seyren": {"2by2": 0.004784688995215311, "3by3": 0.013513513513513514, "4by4": 0.01680672268907563, "5by5": 0.03296703296703297}, "retrolambda": {"2by2": 0.011135857461024499, "3by3": 0.03571428571428571, "4by4": 0.06532663316582915, "5by5": 0.10344827586206896}, "baasbox": {"2by2": 0.008849557522123894, "3by3": 0.015772870662460567, "4by4": 0.023148148148148147, "5by5": 0.03977272727272727}, "sshj": {"2by2": 0.009234828496042216, "3by3": 0.02014388489208633, "4by4": 0.03115264797507788, "5by5": 0.046511627906976744}, "xabber-android": {"2by2": 0.018162103551097857, "3by3": 0.038176638176638175, "4by4": 0.06129128235644154, "5by5": 0.08521148502624266}, "android-async-http": {"2by2": 0.015486725663716814, "3by3": 0.031088082901554404, "4by4": 0.039634146341463415, "5by5": 0.048109965635738834}, "giraph": {"2by2": 0.026079136690647483, "3by3": 0.06533575317604355, "4by4": 0.1104014598540146, "5by5": 0.15871559633027524}, "spring-data-rest": {"2by2": 0.011271133375078271, "3by3": 0.02462121212121212, "4by4": 0.040686586141131596, "5by5": 0.057014734144778985}, "blueflood": {"2by2": 0.031725049570389956, "3by3": 0.05472636815920398, "4by4": 0.08032128514056225, "5by5": 0.10913404507710557}, "HikariCP": {"2by2": 0.006297795771479982, "3by3": 0.010700389105058366, "4by4": 0.017423442449841606, "5by5": 0.028169014084507043}, "redisson": {"2by2": 0.011966213045518537, "3by3": 0.027324027324027323, "4by4": 0.05016477480776273, "5by5": 0.07473309608540925}, "goclipse": {"2by2": 0.07567879838243789, "3by3": 0.14342629482071714, "4by4": 0.19316493313521546, "5by5": 0.23797881010594946}, "morphia": {"2by2": 0.022510231923601638, "3by3": 0.04865243262163108, "4by4": 0.07871198568872988, "5by5": 0.1110299488677867}, "PocketHub": {"2by2": 0.0076103500761035, "3by3": 0.017842981760507533, "4by4": 0.03221859706362153, "5by5": 0.050374687760199835}, "hydra": {"2by2": 0.013654984069185253, "3by3": 0.028421052631578948, "4by4": 0.04345238095238095, "5by5": 0.06012024048096192}, "cascading": {"2by2": 0.017543859649122806, "3by3": 0.03897978825794033, "4by4": 0.06554019457245264, "5by5": 0.09313725490196079}, "helios": {"2by2": 0.03211009174311927, "3by3": 0.08389261744966443, "4by4": 0.12558139534883722, "5by5": 0.1834319526627219}, "RoboBinding": {"2by2": 0.19117647058823528, "3by3": 0.35699797160243407, "4by4": 0.4461538461538462, "5by5": 0.5}, "truth": {"2by2": 0.009728978457261988, "3by3": 0.022010271460014674, "4by4": 0.042748091603053436, "5by5": 0.06588235294117648}, "rest.li": {"2by2": 0.004751461988304093, "3by3": 0.014089729328883945, "4by4": 0.02397901835893593, "5by5": 0.03671461014383043}, "rest-assured": {"2by2": 0.0045, "3by3": 0.012441679626749611, "4by4": 0.020700636942675158, "5by5": 0.03091106290672451}, "JGroups": {"2by2": 0.00942879070277382, "3by3": 0.023054594172155857, "4by4": 0.039363389216130494, "5by5": 0.05766364782758225}, "processing": {"2by2": 0.018606532510870664, "3by3": 0.04279986997507856, "4by4": 0.07080150495952571, "5by5": 0.10020206822774277}, "zuul": {"2by2": 0.014925373134328358, "3by3": 0.026602176541717048, "4by4": 0.043882978723404256, "5by5": 0.06140350877192982}}