{"jfinal": {"2by2": 0.01256281407035176, "3by3": 0.014044943820224719, "4by4": 0.009146341463414634, "5by5": 0.006644518272425249}, "mbassador": {"2by2": 0.010101010101010102, "3by3": 0.005714285714285714, "4by4": 0.018867924528301886, "5by5": 0.006756756756756757}, "javapoet": {"2by2": 0.006711409395973154, "3by3": 0.014492753623188406, "4by4": 0.0, "5by5": 0.03125}, "jeromq": {"2by2": 0.046583850931677016, "3by3": 0.02252252252252252, "4by4": 0.049079754601226995, "5by5": 0.04580152671755725}, "seyren": {"2by2": 0.004784688995215311, "3by3": 0.0, "4by4": 0.0, "5by5": 0.01098901098901099}, "retrolambda": {"2by2": 0.011135857461024499, "3by3": 0.014285714285714285, "4by4": 0.01256281407035176, "5by5": 0.01856763925729443}, "baasbox": {"2by2": 0.008849557522123894, "3by3": 0.006309148264984227, "4by4": 0.004629629629629629, "5by5": 0.0}, "sshj": {"2by2": 0.009234828496042216, "3by3": 0.0057553956834532375, "4by4": 0.001557632398753894, "5by5": 0.0049833887043189366}, "xabber-android": {"2by2": 0.018162103551097857, "3by3": 0.008547008547008548, "4by4": 0.007735792918774174, "5by5": 0.005866008027168879}, "android-async-http": {"2by2": 0.015486725663716814, "3by3": 0.007772020725388601, "4by4": 0.0, "5by5": 0.010309278350515464}, "giraph": {"2by2": 0.026079136690647483, "3by3": 0.023593466424682397, "4by4": 0.01824817518248175, "5by5": 0.010091743119266056}, "spring-data-rest": {"2by2": 0.011271133375078271, "3by3": 0.005681818181818182, "4by4": 0.00572155117609663, "5by5": 0.005124919923126201}, "blueflood": {"2by2": 0.031725049570389956, "3by3": 0.009950248756218905, "4by4": 0.01706827309236948, "5by5": 0.010676156583629894}, "HikariCP": {"2by2": 0.006297795771479982, "3by3": 0.003404669260700389, "4by4": 0.0021119324181626186, "5by5": 0.0033802816901408453}, "redisson": {"2by2": 0.011966213045518537, "3by3": 0.008613008613008613, "4by4": 0.006590992310508971, "5by5": 0.004893238434163701}, "goclipse": {"2by2": 0.13056036972848065, "3by3": 0.03851261620185923, "4by4": 0.03268945022288262, "5by5": 0.03341483292583537}, "morphia": {"2by2": 0.029331514324693043, "3by3": 0.014700735036751837, "4by4": 0.026475849731663684, "5by5": 0.014243973703433162}, "PocketHub": {"2by2": 0.0076103500761035, "3by3": 0.0043616177636796195, "4by4": 0.005709624796084829, "5by5": 0.005828476269775187}, "hydra": {"2by2": 0.03186162949476559, "3by3": 0.008421052631578947, "4by4": 0.02619047619047619, "5by5": 0.008684034736138945}, "cascading": {"2by2": 0.04588394062078273, "3by3": 0.04331087584215592, "4by4": 0.0445468509984639, "5by5": 0.03104575163398693}, "helios": {"2by2": 0.03211009174311927, "3by3": 0.040268456375838924, "4by4": 0.023255813953488372, "5by5": 0.01775147928994083}, "RoboBinding": {"2by2": 0.19117647058823528, "3by3": 0.12778904665314403, "4by4": 0.12564102564102564, "5by5": 0.08024691358024691}, "truth": {"2by2": 0.009728978457261988, "3by3": 0.00586940572267058, "4by4": 0.010687022900763359, "5by5": 0.005490196078431373}, "rest.li": {"2by2": 0.014619883040935672, "3by3": 0.005932517612161661, "4by4": 0.0029973772948669914, "5by5": 0.003785011355034065}, "rest-assured": {"2by2": 0.0245, "3by3": 0.007257646448937273, "4by4": 0.018046709129511677, "5by5": 0.005422993492407809}, "JGroups": {"2by2": 0.017541936191207103, "3by3": 0.005693870715641398, "4by4": 0.00475758948799275, "5by5": 0.009801673736099966}, "processing": {"2by2": 0.14106583072100312, "3by3": 0.008885036298623902, "4by4": 0.03830806065442937, "5by5": 0.030547961488173066}, "zuul": {"2by2": 0.014925373134328358, "3by3": 0.006045949214026602, "4by4": 0.011968085106382979, "5by5": 0.01023391812865497}}