{"jfinal": {"2": 0.031862745098039214, "3": 0.056372549019607844, "4": 0.0196078431372549, "5": 0.0196078431372549}, "mbassador": {"2": 0.05392156862745098, "3": 0.10784313725490197, "4": 0.058823529411764705, "5": 0.004901960784313725}, "javapoet": {"2": 0.024691358024691357, "3": 0.012345679012345678, "4": 0.0, "5": 0.012345679012345678}, "jeromq": {"2": 0.096045197740113, "3": 0.059322033898305086, "4": 0.0423728813559322, "5": 0.09322033898305085}, "seyren": {"2": 0.004545454545454545, "3": 0.0, "4": 0.0, "5": 0.004545454545454545}, "retrolambda": {"2": 0.09130434782608696, "3": 0.03695652173913044, "4": 0.03695652173913044, "5": 0.02826086956521739}, "baasbox": {"2": 0.02, "3": 0.01, "4": 0.008, "5": 0.0}, "sshj": {"2": 0.05216284987277354, "3": 0.020356234096692113, "4": 0.006361323155216285, "5": 0.007633587786259542}, "xabber-android": {"2": 0.0810308182784272, "3": 0.02895855472901169, "4": 0.035600425079702444, "5": 0.01700318809776833}, "android-async-http": {"2": 0.03361344537815126, "3": 0.05672268907563025, "4": 0.0, "5": 0.04411764705882353}, "giraph": {"2": 0.15384615384615385, "3": 0.1556350626118068, "4": 0.04830053667262969, "5": 0.04293381037567084}, "spring-data-rest": {"2": 0.03433208489388265, "3": 0.03058676654182272, "4": 0.02933832709113608, "5": 0.009987515605493134}, "blueflood": {"2": 0.08571428571428572, "3": 0.012422360248447204, "4": 0.031055900621118012, "5": 0.017391304347826087}, "HikariCP": {"2": 0.04010462074978204, "3": 0.006974716652136007, "4": 0.0026155187445510027, "5": 0.0026155187445510027}, "redisson": {"2": 0.04056437389770723, "3": 0.024029982363315695, "4": 0.011684303350970017, "5": 0.009700176366843033}, "goclipse": {"2": 0.2444812362030905, "3": 0.09492273730684327, "4": 0.06181015452538632, "5": 0.0358719646799117}, "morphia": {"2": 0.14719783929777178, "3": 0.08305199189736664, "4": 0.06853477380148548, "5": 0.08237677245104659}, "PocketHub": {"2": 0.013157894736842105, "3": 0.010150375939849625, "4": 0.01804511278195489, "5": 0.015413533834586466}, "hydra": {"2": 0.046643417611159546, "3": 0.045335658238884045, "4": 0.02048823016564952, "5": 0.022667829119442023}, "cascading": {"2": 0.07533039647577093, "3": 0.05991189427312775, "4": 0.03171806167400881, "5": 0.03656387665198238}, "helios": {"2": 0.10759493670886076, "3": 0.08227848101265822, "4": 0.06962025316455696, "5": 0.014767932489451477}, "RoboBinding": {"2": 1.0981873111782476, "3": 0.6706948640483383, "4": 0.3595166163141994, "5": 0.27492447129909364}, "truth": {"2": 0.07513661202185792, "3": 0.02185792349726776, "4": 0.018442622950819672, "5": 0.02185792349726776}, "rest.li": {"2": 0.013454545454545455, "3": 0.024, "4": 0.0061818181818181816, "5": 0.012727272727272728}, "rest-assured": {"2": 0.009396636993076163, "3": 0.00741839762611276, "4": 0.003956478733926805, "5": 0.005934718100890208}, "JGroups": {"2": 0.04369830213321724, "3": 0.03499129299085764, "4": 0.011972137570744449, "5": 0.027916848062690465}, "processing": {"2": 0.09118811881188119, "3": 0.10861386138613861, "4": 0.051089108910891086, "5": 0.017524752475247526}, "zuul": {"2": 0.0539714867617108, "3": 0.019348268839103868, "4": 0.03767820773930754, "5": 0.017311608961303463}}