{"jfinal": {"2by2": 0.022613065326633167, "3by3": 0.03651685393258427, "4by4": 0.051829268292682924, "5by5": 0.04983388704318937}, "mbassador": {"2by2": 0.015151515151515152, "3by3": 0.011428571428571429, "4by4": 0.025157232704402517, "5by5": 0.033783783783783786}, "javapoet": {"2by2": 0.013422818791946308, "3by3": 0.028985507246376812, "4by4": 0.0, "5by5": 0.03125}, "jeromq": {"2by2": 0.07763975155279502, "3by3": 0.12612612612612611, "4by4": 0.1656441717791411, "5by5": 0.22900763358778625}, "seyren": {"2by2": 0.03827751196172249, "3by3": 0.07432432432432433, "4by4": 0.09243697478991597, "5by5": 0.08791208791208792}, "retrolambda": {"2by2": 0.04899777282850779, "3by3": 0.08333333333333333, "4by4": 0.09547738693467336, "5by5": 0.10610079575596817}, "baasbox": {"2by2": 0.048672566371681415, "3by3": 0.050473186119873815, "4by4": 0.06944444444444445, "5by5": 0.07386363636363637}, "sshj": {"2by2": 0.023746701846965697, "3by3": 0.03884892086330935, "4by4": 0.04361370716510903, "5by5": 0.04817275747508306}, "xabber-android": {"2by2": 0.02683654106804012, "3by3": 0.0641025641025641, "4by4": 0.060993751859565605, "5by5": 0.07162704538437789}, "android-async-http": {"2by2": 0.024336283185840708, "3by3": 0.03626943005181347, "4by4": 0.04573170731707317, "5by5": 0.061855670103092786}, "giraph": {"2by2": 0.024280575539568347, "3by3": 0.05535390199637023, "4by4": 0.07208029197080291, "5by5": 0.08440366972477065}, "spring-data-rest": {"2by2": 0.033813400125234816, "3by3": 0.041035353535353536, "4by4": 0.04895104895104895, "5by5": 0.05445227418321589}, "blueflood": {"2by2": 0.07005948446794448, "3by3": 0.0945273631840796, "4by4": 0.12048192771084337, "5by5": 0.1423487544483986}, "HikariCP": {"2by2": 0.017543859649122806, "3by3": 0.023832684824902722, "4by4": 0.02903907074973601, "5by5": 0.036056338028169016}, "redisson": {"2by2": 0.05021116846550915, "3by3": 0.04484704484704485, "4by4": 0.0585865983156353, "5by5": 0.07072953736654804}, "goclipse": {"2by2": 0.06701328711727325, "3by3": 0.07370517928286853, "4by4": 0.09063893016344725, "5by5": 0.027709861450692746}, "morphia": {"2by2": 0.05150068212824011, "3by3": 0.08470423521176058, "4by4": 0.1552772808586762, "5by5": 0.061358655953250546}, "PocketHub": {"2by2": 0.0182648401826484, "3by3": 0.024187153053132435, "4by4": 0.03588907014681892, "5by5": 0.04288093255620316}, "hydra": {"2by2": 0.0432407828857533, "3by3": 0.060526315789473685, "4by4": 0.03988095238095238, "5by5": 0.02338009352037408}, "cascading": {"2by2": 0.08547008547008547, "3by3": 0.016361886429258902, "4by4": 0.0030721966205837174, "5by5": 0.0}, "helios": {"2by2": 0.08944954128440367, "3by3": 0.15771812080536912, "4by4": 0.17209302325581396, "5by5": 0.21301775147928995}, "RoboBinding": {"2by2": 0.22549019607843138, "3by3": 0.332657200811359, "4by4": 0.3871794871794872, "5by5": 0.4166666666666667}, "truth": {"2by2": 0.029881862404447533, "3by3": 0.0359501100513573, "4by4": 0.0450381679389313, "5by5": 0.050980392156862744}, "rest.li": {"2by2": 0.19334795321637427, "3by3": 0.03188728216536893, "4by4": 0.03746721618583739, "5by5": 0.04314912944738834}, "rest-assured": {"2by2": 0.0315, "3by3": 0.023846552617936754, "4by4": 0.01167728237791932, "5by5": 0.010845986984815618}, "JGroups": {"2by2": 0.04593794540072361, "3by3": 0.03578206988947192, "4by4": 0.035285455369279566, "5by5": 0.024246245557720966}, "processing": {"2by2": 0.05460612802103347, "3by3": 0.04930111604724239, "4by4": 0.03272146847565842, "5by5": 0.00784500178295495}, "zuul": {"2by2": 0.029850746268656716, "3by3": 0.04353083434099154, "4by4": 0.05585106382978723, "5by5": 0.06432748538011696}}