{"jfinal": {"2by2": 0.020100502512562814, "3by3": 0.016853932584269662, "4by4": 0.018292682926829267, "5by5": 0.016611295681063124}, "mbassador": {"2by2": 0.015151515151515152, "3by3": 0.005714285714285714, "4by4": 0.006289308176100629, "5by5": 0.006756756756756757}, "javapoet": {"2by2": 0.006711409395973154, "3by3": 0.0, "4by4": 0.0, "5by5": 0.0}, "jeromq": {"2by2": 0.07453416149068323, "3by3": 0.09009009009009009, "4by4": 0.1165644171779141, "5by5": 0.1297709923664122}, "seyren": {"2by2": 0.03827751196172249, "3by3": 0.04054054054054054, "4by4": 0.05042016806722689, "5by5": 0.04395604395604396}, "retrolambda": {"2by2": 0.0467706013363029, "3by3": 0.047619047619047616, "4by4": 0.04522613065326633, "5by5": 0.04774535809018567}, "baasbox": {"2by2": 0.04424778761061947, "3by3": 0.022082018927444796, "4by4": 0.023148148148148147, "5by5": 0.017045454545454544}, "sshj": {"2by2": 0.023746701846965697, "3by3": 0.02302158273381295, "4by4": 0.02336448598130841, "5by5": 0.023255813953488372}, "xabber-android": {"2by2": 0.025752236378422336, "3by3": 0.025356125356125355, "4by4": 0.024992561737578103, "5by5": 0.024390243902439025}, "android-async-http": {"2by2": 0.024336283185840708, "3by3": 0.018134715025906734, "4by4": 0.018292682926829267, "5by5": 0.01718213058419244}, "giraph": {"2by2": 0.023381294964028777, "3by3": 0.023593466424682397, "4by4": 0.023722627737226276, "5by5": 0.023853211009174313}, "spring-data-rest": {"2by2": 0.03256105197244834, "3by3": 0.030934343434343436, "4by4": 0.031150667514303877, "5by5": 0.03139013452914798}, "blueflood": {"2by2": 0.07005948446794448, "3by3": 0.05472636815920398, "4by4": 0.04919678714859438, "5by5": 0.054567022538552785}, "HikariCP": {"2by2": 0.016644174538911382, "3by3": 0.014591439688715954, "4by4": 0.012143611404435059, "5by5": 0.011830985915492958}, "redisson": {"2by2": 0.029798216799624588, "3by3": 0.02702702702702703, "4by4": 0.025997803002563165, "5by5": 0.026245551601423486}, "goclipse": {"2by2": 0.07683419988445984, "3by3": 0.0796812749003984, "4by4": 0.08098068350668648, "5by5": 0.07823960880195599}, "morphia": {"2by2": 0.05115961800818554, "3by3": 0.04760238011900595, "4by4": 0.04758497316636851, "5by5": 0.04711468224981739}, "PocketHub": {"2by2": 0.017884322678843226, "3by3": 0.01586042823156225, "4by4": 0.015089722675367047, "5by5": 0.014571190674437969}, "hydra": {"2by2": 0.03868912152935822, "3by3": 0.03105263157894737, "4by4": 0.02857142857142857, "5by5": 0.028056112224448898}, "cascading": {"2by2": 0.04363472784525416, "3by3": 0.04234841193455245, "4by4": 0.04198668714797747, "5by5": 0.041938997821350764}, "helios": {"2by2": 0.0871559633027523, "3by3": 0.07718120805369127, "4by4": 0.06976744186046512, "5by5": 0.07100591715976332}, "RoboBinding": {"2by2": 0.22549019607843138, "3by3": 0.2231237322515213, "4by4": 0.2153846153846154, "5by5": 0.20987654320987653}, "truth": {"2by2": 0.02849200833912439, "3by3": 0.022743947175348497, "4by4": 0.020610687022900764, "5by5": 0.0196078431372549}, "rest.li": {"2by2": 0.016812865497076022, "3by3": 0.014460511679644048, "4by4": 0.01423754215061821, "5by5": 0.014383043149129448}, "rest-assured": {"2by2": 0.03, "3by3": 0.030585795749092794, "4by4": 0.030254777070063694, "5by5": 0.03091106290672451}, "JGroups": {"2by2": 0.01863830720315755, "3by3": 0.01763983476610472, "4by4": 0.017387856819211598, "5by5": 0.017310558294164852}, "processing": {"2by2": 0.028415411062797047, "3by3": 0.026438400693466247, "4by4": 0.02622277961463915, "5by5": 0.026150005943183167}, "zuul": {"2by2": 0.029850746268656716, "3by3": 0.02418379685610641, "4by4": 0.023936170212765957, "5by5": 0.021929824561403508}}